{"kpts": [4000.0, 4000.0, 3804.9, 2559.9, 1687.7], "kp_ratio": [0.349425, 0.14355, 0.07996921877760424, 0.06116009696322949, 0.04842047979072832], "mAA": [0.5125, 0.23500000000000001, 0.0475, 0.0025, 0.0], "matching_score": [0.06350862984646448, 0.07027981519696666, 0.054555525172692874, 0.03860614180168968, 0.02611640881375891], "inlier_ratio": [0.09828033919780825, 0.04093954522871475, 0.011173583670409756, 0.0009202453987730062, 0.0]}