{"kpts": [4000.0, 3925.8, 3579.9, 3112.5, 2623.0], "kp_ratio": [0.261325, 0.14491494216183348, 0.10644263811073951, 0.0787286461818663, 0.06612602771724793], "mAA": [0.4525, 0.145, 0.0, 0.0, 0.0], "matching_score": [0.2565964667150947, 0.062478986728977705, 0.005595187403109295, 0.0013888888888888887, 0.0003759398496240601], "inlier_ratio": [0.36769081823475946, 0.041069312292391004, 0.0, 0.0, 0.0]}