{"ratios": [2, 3, 4, 5, 6], "kpts": [2854.4, 1172.1, 676.7, 402.7, 299.1], "kp_ratio": [0.4811472855496718, 0.4441236286326274, 0.2575340931539566, 0.17708112552086178, 0.12597085536014166], "mAA": [0.8400000000000001, 0.725, 0.46749999999999997, 0.27999999999999997, 0.1825], "matching_score": [0.38512521883945927, 0.5320059692749168, 0.5244760909629316, 0.4475217959284512, 0.3747432096888619], "inlier_ratio": [0.7639071362709063, 0.6978674401448919, 0.33465781474332407, 0.176144024327563, 0.1005916534619887]}