{"ratios": [2, 3, 4, 5, 6], "kpts": [2249.6, 944.8, 506.1, 301.1, 217.2], "kp_ratio": [0.2774212441183741, 0.13573311241625075, 0.0859734088575737, 0.058629537221352036, 0.03842483952681637], "mAA": [0.8175000000000001, 0.49749999999999994, 0.19, 0.045, 0.0], "matching_score": [0.5839377813737883, 0.5121342560773811, 0.46095720932897305, 0.2886856280973928, 0.1825], "inlier_ratio": [0.6832472793572733, 0.2463570490984055, 0.12532443811088645, 0.01690340909090909, 0.005479452054794521]}