{"kpts": [4000.0, 3961.0, 2294.2, 1377.4, 948.3], "kp_ratio": [0.345175, 0.13973282155345557, 0.08438191168730699, 0.059456920232610996, 0.040545723213946214], "mAA": [0.7424999999999999, 0.49000000000000005, 0.24500000000000002, 0.0225, 0.0], "matching_score": [0.23009540958592928, 0.26536000661489223, 0.23225839537648882, 0.078056420219618, 0.027221419894423338], "inlier_ratio": [0.40387044096330643, 0.17456952428388922, 0.0842168958290751, 0.003944431527551732, 0.0]}