{"ratios": [2, 3, 4, 5, 6], "kpts": [4000.0, 3961.0, 2294.2, 1377.4, 948.3], "kp_ratio": [0.345175, 0.13973282155345557, 0.08438191168730699, 0.059456920232610996, 0.040545723213946214], "mAA": [0.6950000000000001, 0.41, 0.2325, 0.0375, 0.0], "matching_score": [0.25904174306064354, 0.2813085236609797, 0.24982500075249026, 0.07944185599500811, 0.029144496817500264], "inlier_ratio": [0.4611402667143036, 0.19074682687053024, 0.09462884285546684, 0.010914001318659588, 0.0]}