{"ratios": [2, 3, 4, 5, 6], "kpts": [4000.0, 2487.6, 1206.6, 682.6, 420.4], "kp_ratio": [0.35384999999999994, 0.2804700473298793, 0.3276916463114807, 0.3823330373702174, 0.43868786620724787], "mAA": [0.9, 0.9, 0.9, 0.9, 0.9], "matching_score": [0.80866809689991, 0.7222390117511259, 0.6348653409716899, 0.5520012868340729, 0.47711813382445667], "inlier_ratio": [2.0998597816838527, 0.8277901197459376, 0.593960011106831, 0.48068561462613557, 0.40868737444608005]}