{"ratios": [2, 3, 4, 5, 6], "kpts": [4000.0, 4000.0, 0.0, 0.0, 0.0], "kp_ratio": [0.34415000000000007, 0.1673, 0.0, 0.0, 0.0], "mAA": [0.9, 0.9, 0.0, 0.0, 0.0], "matching_score": [0.6628505183982611, 0.5757914881652482, 0.0, 0.0, 0.0], "inlier_ratio": [1.8257410823482054, 0.5470442250758127, 0.0, 0.0, 0.0]}