{"ratios": [2, 3, 4, 5, 6], "kpts": [4000.0, 3971.2, 3722.4, 3044.1, 2370.6], "kp_ratio": [0.20589999999999997, 0.08677378028974109, 0.04873969670712415, 0.03736674916303202, 0.03450785092780903], "mAA": [0.9, 0.875, 0.575, 0.5075000000000001, 0.325], "matching_score": [0.7349160784288267, 0.6656338195339424, 0.5985378768580523, 0.6060628826436651, 0.578587127073309], "inlier_ratio": [1.1330723319641998, 0.3449505503749909, 0.16295739923656355, 0.10826572090854077, 0.07609877849901155]}