{"ratios": [2, 3, 4, 5, 6], "kpts": [4000.0, 3726.0, 2368.9, 1418.6, 960.6], "kp_ratio": [0.197175, 0.0697817515049826, 0.05717728616527636, 0.06045382193521891, 0.0667253202503958], "mAA": [0.9, 0.9, 0.9, 0.8099999999999999, 0.805], "matching_score": [0.9339422578669213, 0.9038894848673393, 0.8853431217370872, 0.8825453191655128, 0.8404228229578349], "inlier_ratio": [1.2448759696882483, 0.3143918564840836, 0.18979151533419664, 0.16577797430129046, 0.15307348223387626]}