{"ratios": [2, 3, 4, 5, 6], "kpts": [3461.3, 1481.8, 746.5, 407.4, 251.6], "kp_ratio": [0.35926546741797066, 0.23207625799027826, 0.14995587865381393, 0.15494527743119024, 0.1294052957289104], "mAA": [0.9, 0.825, 0.025, 0.0, 0.0], "matching_score": [0.27458273452738513, 0.1707484508594749, 0.03945810076936741, 0.005213903743315508, 0.0], "inlier_ratio": [0.38946475950850773, 0.10413448034967962, 0.0029649595687331535, 0.0, 0.0]}