{"ratios": [2, 3, 4, 5, 6], "kpts": [4000.0, 4000.0, 3803.5, 2559.6, 1687.2], "kp_ratio": [0.3488, 0.143825, 0.0795395250381742, 0.06115583594686021, 0.04883627936921901], "mAA": [0.86, 0.77, 0.4725, 0.08249999999999999, 0.0], "matching_score": [0.06387296039971838, 0.07156278481812689, 0.05566409971575041, 0.03705338522116576, 0.022532999919995682], "inlier_ratio": [0.09786773405634655, 0.042344179885454775, 0.014845306766558356, 0.0029949492824058875, 0.0]}