{"ratios": [2, 3, 4, 5, 6], "kpts": [2249.6, 944.8, 506.1, 301.1, 217.2], "kp_ratio": [0.2774212441183741, 0.13573311241625075, 0.0859734088575737, 0.058629537221352036, 0.03842483952681637], "mAA": [0.9, 0.8800000000000001, 0.8175000000000001, 0.31, 0.0775], "matching_score": [0.5703510411380238, 0.5272691240626199, 0.48701664621346386, 0.3147112691230339, 0.19361111111111112], "inlier_ratio": [0.9911084471638143, 0.3515493234400473, 0.17253094528605814, 0.034658676167374974, 0.00684931506849315]}