{"ratios": [2, 3, 4, 5, 6], "kpts": [4000.0, 3361.2, 1918.6, 1101.5, 770.5], "kp_ratio": [0.19915, 0.14431524071814533, 0.09079439632514175, 0.06346941213064555, 0.04679474678646063], "mAA": [0.9, 0.8975, 0.89, 0.82, 0.775], "matching_score": [0.596559547976598, 0.4403488679347499, 0.44388843769073993, 0.4011974330783611, 0.37539880409445625], "inlier_ratio": [0.757411018780614, 0.3034860507896331, 0.16859424242976737, 0.08941221784031458, 0.061011793381748225]}