{"ratios": [2, 3, 4, 5, 6], "kpts": [3997.5, 3719.9, 3270.8, 2771.0, 2311.5], "kp_ratio": [0.27461509433962267, 0.16266457012853613, 0.11297323303097269, 0.08307476955897576, 0.06846393324682584], "mAA": [0.875, 0.71, 0.2225, 0.0, 0.0], "matching_score": [0.210877519531586, 0.10807454242204324, 0.03190474675463273, 0.0036394048447983838, 0.0005208333333333333], "inlier_ratio": [0.2765318968676069, 0.07741505366149343, 0.013407162702975076, 0.0, 0.0]}