{"ratios": [2, 3, 4, 5, 6], "kpts": [4000.0, 3361.2, 1918.6, 1101.5, 770.5], "kp_ratio": [0.19915, 0.14431524071814533, 0.09079439632514175, 0.06346941213064555, 0.04679474678646063], "mAA": [0.9, 0.9, 0.8975, 0.845, 0.775], "matching_score": [0.6407895524101848, 0.5591550662497339, 0.5172423996590135, 0.445736081642737, 0.3690788740245262], "inlier_ratio": [0.6250584920167148, 0.3009503680946352, 0.1564921032047893, 0.08509966382012138, 0.05339498574827267]}