{"ratios": [2, 3, 4, 5, 6], "kpts": [835.7, 844.7, 506.1, 301.1, 217.2], "kp_ratio": [0.2144825940960949, 0.13202816760395858, 0.0859734088575737, 0.058629537221352036, 0.03842483952681637], "mAA": [0.9, 0.8825, 0.7925, 0.22749999999999998, 0.08], "matching_score": [0.653409264232078, 0.5263114132105396, 0.46095720932897305, 0.2886856280973928, 0.1825], "inlier_ratio": [0.5271408930835646, 0.24329846085605394, 0.12885814273927132, 0.02369952559576346, 0.006944444444444445]}