{"ratios": [2, 3, 4, 5, 6], "kpts": [2249.6, 944.8, 506.1, 301.1, 217.2], "kp_ratio": [0.2774212441183741, 0.13573311241625075, 0.0859734088575737, 0.058629537221352036, 0.03842483952681637], "mAA": [0.9, 0.8825, 0.825, 0.3275, 0.0775], "matching_score": [0.5723512830329323, 0.5017837625271633, 0.458455595246335, 0.28280327515621634, 0.1852777777777778], "inlier_ratio": [1.723722802838525, 0.6063783560503462, 0.27893626243304637, 0.06017265104966718, 0.015151515151515152]}