{"ratios": [2, 3, 4, 5, 6], "kpts": [2249.6, 944.8, 506.1, 301.1, 217.2], "kp_ratio": [0.2774212441183741, 0.13573311241625075, 0.0859734088575737, 0.058629537221352036, 0.03842483952681637], "mAA": [0.9, 0.8800000000000001, 0.8324999999999999, 0.38, 0.0775], "matching_score": [0.578089420566006, 0.5091689574157824, 0.4690095389914176, 0.29113660848954964, 0.19361111111111112], "inlier_ratio": [1.8619742373238186, 0.633867581715062, 0.29624080153959503, 0.06081929687087244, 0.0125]}