{"ratios": [2, 3, 4, 5, 6], "kpts": [2249.6, 944.8, 506.1, 301.1, 217.2], "kp_ratio": [0.2774212441183741, 0.13573311241625075, 0.0859734088575737, 0.058629537221352036, 0.03842483952681637], "mAA": [0.9, 0.875, 0.8150000000000001, 0.24500000000000002, 0.0775], "matching_score": [0.5778885067789565, 0.5247987551093083, 0.48488898663899577, 0.30113660848954965, 0.195], "inlier_ratio": [1.0078129836367544, 0.34236297421887224, 0.16618027131239602, 0.027433756933490327, 0.006944444444444445]}