{"ratios": [2, 3, 4, 5, 6], "kpts": [4000.0, 3361.2, 1918.6, 1101.5, 770.5], "kp_ratio": [0.19915, 0.14431524071814533, 0.09079439632514175, 0.06346941213064555, 0.04679474678646063], "mAA": [0.9, 0.8975, 0.8925000000000001, 0.85, 0.7675], "matching_score": [0.6036546992002627, 0.4463446768830532, 0.4571639799764119, 0.41499394755342056, 0.3688584000540523], "inlier_ratio": [0.8075450217704226, 0.3068530834560219, 0.17302271812244815, 0.09501336972950628, 0.05850968473969594]}