{"ratios": [2, 3, 4, 5, 6], "kpts": [4000.0, 3960.3, 2294.2, 1377.4, 948.3], "kp_ratio": [0.34502499999999997, 0.13955287523597626, 0.08433070841029729, 0.059456920232610996, 0.040545723213946214], "mAA": [0.9, 0.875, 0.835, 0.2725, 0.0], "matching_score": [0.23041121309235518, 0.2649846135104802, 0.23233956420765764, 0.078056420219618, 0.027221419894423338], "inlier_ratio": [0.40451814458287216, 0.1748839951684929, 0.08401329280167928, 0.012078448173615, 0.0]}