{"kpts": [4000.0, 2444.3, 1245.2, 663.7, 416.7], "kp_ratio": [0.356675, 0.1987704116373084, 0.13037978541916284, 0.12361406449208276, 0.09561778381932498], "mAA": [0.76, 0.32, 0.0, 0.0, 0.0], "matching_score": [0.18296386185285257, 0.16862748455254664, 0.04239796603261071, 0.005882907716384852, 0.0], "inlier_ratio": [0.25540464257453444, 0.0990974917614465, 0.005285185190866184, 0.0, 0.0]}