{"kpts": [4000.0, 4000.0, 4000.0, 4000.0, 3960.8], "kp_ratio": [0.357225, 0.18425, 0.11159999999999999, 0.06792499999999999, 0.045893304537182836], "mAA": [0.3625, 0.1875, 0.095, 0.0, 0.0], "matching_score": [0.07004437256124457, 0.07336265741243267, 0.04652768455592482, 0.01807043378749267, 0.00884578794314395], "inlier_ratio": [0.11515466578986482, 0.05677854132792589, 0.016638706525466278, 0.0017280092198339978, 0.0]}