{"kpts": [4000.0, 3983.5, 3848.6, 3519.4, 3186.2], "kp_ratio": [0.21985000000000002, 0.11130944969987575, 0.07588718862059739, 0.05476609459872679, 0.04423554398579689], "mAA": [0.5925, 0.22999999999999998, 0.0, 0.0, 0.0], "matching_score": [0.3510934254320386, 0.09955964735987549, 0.007957138495609929, 0.0, 0.0004], "inlier_ratio": [0.4215383004784849, 0.05015699734971356, 0.0, 0.0, 0.0]}