{"kpts": [4000.0, 3960.3, 2294.2, 1377.4, 948.3], "kp_ratio": [0.34502499999999997, 0.13955287523597626, 0.08433070841029729, 0.059456920232610996, 0.040545723213946214], "mAA": [0.7525000000000001, 0.485, 0.24500000000000002, 0.0225, 0.0], "matching_score": [0.23041121309235518, 0.2649846135104802, 0.23233956420765764, 0.078056420219618, 0.027221419894423338], "inlier_ratio": [0.4046586906764328, 0.17430547523357598, 0.0842168958290751, 0.003944431527551732, 0.0]}