{"kpts": [4000.0, 4000.0, 3803.5, 2559.6, 1687.2], "kp_ratio": [0.3488, 0.143825, 0.0795395250381742, 0.06115583594686021, 0.04883627936921901], "mAA": [0.5, 0.2225, 0.0975, 0.0, 0.0], "matching_score": [0.06387296039971838, 0.07156278481812689, 0.05566409971575041, 0.03705338522116576, 0.022532999919995682], "inlier_ratio": [0.098023205477418, 0.04086660924376847, 0.013343888090283066, 0.0012952187839783713, 0.0]}