{"kpts": [4000.0, 3361.2, 1918.6, 1101.5, 770.5], "kp_ratio": [0.19915, 0.14431524071814533, 0.09079439632514175, 0.06346941213064555, 0.04679474678646063], "mAA": [0.875, 0.6825, 0.40499999999999997, 0.2325, 0.15], "matching_score": [0.596559547976598, 0.4403488679347499, 0.44388843769073993, 0.4011974330783611, 0.37539880409445625], "inlier_ratio": [0.757411018780614, 0.30330380607806057, 0.16859424242976737, 0.08968702832653683, 0.06044396035535167]}