{"kpts": [3994.0, 3681.8, 2039.8, 1270.8, 858.1], "kp_ratio": [0.2765898848272409, 0.13115069077101454, 0.0754546183930974, 0.05168040651846846, 0.03525626140762879], "mAA": [0.8099999999999999, 0.49000000000000005, 0.20249999999999999, 0.0475, 0.0], "matching_score": [0.6504321058530901, 0.43893155000532874, 0.19825094489455913, 0.10847042620746845, 0.024329267147472015], "inlier_ratio": [1.813108360114682, 0.4210038687935752, 0.0848061959449053, 0.013710853364491215, 0.0]}