{"kpts": [4000.0, 3875.9, 3465.9, 2879.4, 2436.5], "kp_ratio": [0.261325, 0.15574784823537574, 0.1118490198543443, 0.08777511372376387, 0.07105936484482774], "mAA": [0.4525, 0.15, 0.017499999999999998, 0.0, 0.0], "matching_score": [0.2565964667150947, 0.09259407927772942, 0.019414837241145073, 0.0018922969382856967, 0.0003717472118959108], "inlier_ratio": [0.36769081823475946, 0.06820810252287525, 0.003907815631262525, 0.0, 0.0]}