{"kpts": [4000.0, 4000.0, 3551.1, 1997.0, 1082.1], "kp_ratio": [0.277475, 0.126275, 0.061296807984890136, 0.040270682037396636, 0.025938081087002927], "mAA": [0.8175000000000001, 0.3075, 0.0, 0.0, 0.0], "matching_score": [0.5943045078507154, 0.14936034652728752, 0.0, 0.0, 0.0], "inlier_ratio": [7.867203572614112, 0.7846519238267637, 0.0, 0.0, 0.0]}