{"kpts": [4000.0, 3361.2, 1918.6, 1101.5, 770.5], "kp_ratio": [0.19915, 0.14431524071814533, 0.09079439632514175, 0.06346941213064555, 0.04679474678646063], "mAA": [0.8625, 0.645, 0.41500000000000004, 0.215, 0.17250000000000001], "matching_score": [0.6036546992002627, 0.4463446768830532, 0.4571639799764119, 0.41499394755342056, 0.3688584000540523], "inlier_ratio": [0.8075450217704226, 0.3064896320925706, 0.17331010853837328, 0.09400796923416156, 0.05579229343534812]}