{"ratios": [2, 3, 4, 5, 6], "kpts": [3694.5, 1583.4, 748.2, 421.4, 257.8], "kp_ratio": [0.38318162629538705, 0.4186450732669349, 0.48993031717670005, 0.5555577115097361, 0.6403149702149677], "mAA": [0.9, 0.9, 0.9, 0.9, 0.9], "matching_score": [0.7801931998322301, 0.6737784373795639, 0.5813584391186859, 0.4965090964628384, 0.4083754167473419], "inlier_ratio": [2.1675167876800385, 1.0321551960470154, 0.7504315712829335, 0.59182028329028, 0.47995990500198343]}