{"ratios": [2, 3, 4, 5, 6], "kpts": [4000.0, 3305.4, 1794.9, 934.8, 582.8], "kp_ratio": [0.340975, 0.19265958049294968, 0.21051354970598718, 0.2525931116781999, 0.27749586192032905], "mAA": [0.9, 0.9, 0.8975, 0.9, 0.8875], "matching_score": [0.6004217362840095, 0.5155256652961969, 0.48230307486399066, 0.4762611354490118, 0.35905071068570876], "inlier_ratio": [1.3839288804801049, 0.448973830554789, 0.31090684811479286, 0.2953054324041423, 0.1953748296786367]}