{"ratios": [2, 3, 4, 5, 6], "kpts": [4000.0, 3726.0, 2368.9, 1418.6, 960.6], "kp_ratio": [0.197175, 0.0697817515049826, 0.05717728616527636, 0.06045382193521891, 0.0667253202503958], "mAA": [0.9, 0.9, 0.9, 0.8099999999999999, 0.8025], "matching_score": [0.9404471085960167, 0.9145910584257539, 0.9030076155534668, 0.8868500802924559, 0.8573744358610605], "inlier_ratio": [1.4493293981041981, 0.37610602365209067, 0.22346397292559975, 0.18119712874149713, 0.17174670868482206]}