{"ratios": [2, 3, 4, 5, 6], "kpts": [3921.1, 1869.8, 1024.7, 627.6, 414.0], "kp_ratio": [0.23984171987178815, 0.21484269984180662, 0.2280965403735713, 0.24022475267949267, 0.2628672969554221], "mAA": [0.8099999999999999, 0.8099999999999999, 0.8099999999999999, 0.7925, 0.72], "matching_score": [0.758738407801864, 0.7168336854703743, 0.6934888389472776, 0.6684205487022005, 0.615432409746346], "inlier_ratio": [3.210209908068272, 1.6494587758905623, 1.2017374512283037, 0.9953429287514668, 0.9388110805348908]}