{"ratios": [2, 3, 4, 5, 6], "kpts": [4000.0, 3906.0, 3294.5, 2416.0, 1628.5], "kp_ratio": [0.214725, 0.08951424153500168, 0.054472781934226465, 0.04771370371202018, 0.055156135107066295], "mAA": [0.89, 0.8025, 0.545, 0.39249999999999996, 0.2325], "matching_score": [0.6066239302250155, 0.5282661573477105, 0.4401107305574395, 0.41183493700403434, 0.34463796438696814], "inlier_ratio": [1.0010046221010496, 0.28955027674289335, 0.1366170928169757, 0.08669964560283464, 0.061902737354651925]}