{"ratios": [2, 3, 4, 5, 6], "kpts": [4000.0, 4000.0, 3413.6, 1888.4, 1012.5], "kp_ratio": [0.27937499999999993, 0.1266, 0.08488392827626376, 0.10309585142221182, 0.13403491817437235], "mAA": [0.9, 0.9, 0.885, 0.615, 0.0], "matching_score": [0.6292649916888077, 0.49055502216491564, 0.26538076417208206, 0.08858274548906342, 0.016312287188241337], "inlier_ratio": [7.879326676732704, 3.4326584792586785, 1.3540607332175614, 0.3433170223905411, 0.0]}