{"ratios": [2, 3, 4, 5, 6], "kpts": [4000.0, 3726.0, 2368.9, 1418.6, 960.6], "kp_ratio": [0.197175, 0.0697817515049826, 0.05717728616527636, 0.06045382193521891, 0.0667253202503958], "mAA": [0.9, 0.9, 0.9, 0.8099999999999999, 0.8], "matching_score": [0.9419055866046797, 0.917752273852589, 0.9046454593618638, 0.887447095217829, 0.8541486294094478], "inlier_ratio": [1.7473785245205615, 0.44686862948987605, 0.2679271935192492, 0.21519331037366607, 0.20618934715108214]}