{"ratios": [2, 3, 4, 5, 6], "kpts": [4000.0, 3119.8, 1670.8, 1006.1, 665.2], "kp_ratio": [0.311675, 0.19075062641411378, 0.2067118581910806, 0.2192436525660133, 0.22611088539657334], "mAA": [0.9, 0.9, 0.9, 0.9, 0.9], "matching_score": [0.7890977732677849, 0.8440579867950653, 0.7836188627302272, 0.7676709771987187, 0.671834702345317], "inlier_ratio": [2.046001595626664, 0.9799981890280627, 0.6976161868081829, 0.6008573330895611, 0.4587191034557412]}